PartNumber,Description,Brand,Category,SubCategory,UnitOfMeasure
ACD-OF-001,Premium Oil Filter 3.8L V6,ACDelco,Filters,Oil Filters,EA
NGK-SP-100,Iridium IX Spark Plug BKR5EIX,NGK,Ignition,Spark Plugs,EA
MOT-AF-200,Motorcraft Air Filter Panel FA1883,Motorcraft,Filters,Air Filters,EA
MON-SH-300,Sensa-Trac Load Adjusting Shock Absorber,Monroe,Suspension,Shock Absorbers,EA
BSH-BP-400,QuietCast Brake Pad Set Front D537,Bosch,Brakes,Brake Pads,SET
GAT-BL-500,Micro-V Serpentine Belt K060882,Gates,Belts & Hoses,Serpentine Belts,EA
DAY-TB-600,Timing Belt Kit 95274K1,Dayco,Belts & Hoses,Timing Belts,KIT
ACD-BAT-800,75DT Professional AGM Battery,ACDelco,Electrical,Batteries,EA
BSH-WP-150,Water Pump with Gasket AW9355,Bosch,Cooling,Water Pumps,EA
MON-ST-350,OESpectrum Strut Front Driver 73279,Monroe,Suspension,Struts,EA
GAT-RF-550,Radiator Coolant Hose Upper 22869,Gates,Belts & Hoses,Radiator Hoses,EA
ACD-AF-250,CF3134 Cabin Air Filter,ACDelco,Filters,Cabin Air Filters,EA
MOT-OF-050,FL500S Oil Filter,Motorcraft,Filters,Oil Filters,EA
NGK-WP-900,Spark Plug Wire Set WT0510,NGK,Ignition,Ignition Wires,SET
FLP-HG-700,MLS Head Gasket Set HS26290PT,Felpro,Engine,Gaskets,SET
